file,gas1,gas2,composition1,composition2,electricField,gap,pressure,temperature,alpha,vz
rootArchives/ar_100.0_cf4_0.0_200.0kVcm_1.000bar_0.0005mm_1npe.root,ar,cf4,100.0,0.0,200000.0,0.0005,750.061683,293.15,4316.279452367912,0.0
rootArchives/ar_100.0_cf4_0.0_5.0kVcm_1.000bar_0.0005mm_1npe.root,ar,cf4,100.0,0.0,5000.0,0.0005,750.061683,293.15,0.3208529220723227,0.0
rootArchives/ar_100.0_cf4_0.0_20.0kVcm_1.000bar_0.0005mm_1npe.root,ar,cf4,100.0,0.0,20000.0,0.0005,750.061683,293.15,121.69723452591163,0.0
rootArchives/ar_100.0_cf4_0.0_10.0kVcm_1.000bar_0.0005mm_1npe.root,ar,cf4,100.0,0.0,10000.0,0.0005,750.061683,293.15,12.387091455221373,0.0
rootArchives/ar_100.0_cf4_0.0_50.0kVcm_1.000bar_0.0005mm_1npe.root,ar,cf4,100.0,0.0,50000.0,0.0005,750.061683,293.15,771.3994386517629,0.0
rootArchives/ar_100.0_cf4_0.0_150.0kVcm_1.000bar_0.0005mm_1npe.root,ar,cf4,100.0,0.0,150000.0,0.0005,750.061683,293.15,3240.9257238451773,0.0
rootArchives/ar_100.0_cf4_0.0_1.0kVcm_1.000bar_0.0005mm_1npe.root,ar,cf4,100.0,0.0,1000.0,0.0005,750.061683,293.15,0.0,0.0
rootArchives/ar_100.0_cf4_0.0_100.0kVcm_1.000bar_0.0005mm_1npe.root,ar,cf4,100.0,0.0,100000.0,0.0005,750.061683,293.15,2048.0492046858935,0.0
